id,longitude,latitude,service_time,station_name,station_type
0,12.823845,49.245077,0,Zenching,SYSTEM
1,12.82378,49.244955,0,Zenching,SYSTEM
2,12.812167,49.267785,0,Abzweigung Grasfilzing,SYSTEM
3,12.812002,49.267252,0,Abzweigung Grasfilzing,SYSTEM
4,12.805663,49.258385,0,Nösswartling FWH,SYSTEM
5,12.805642,49.258165,0,Nösswartling FWH,SYSTEM
6,12.823917,49.246697,0,Zenching Schulbus,SYSTEM
7,12.8412,49.249675,0,Abzweigung Kalkofen,SYSTEM
8,12.811883,49.274152,0,Arnschwang Bahnhof,SYSTEM
9,12.814288,49.273332,0,Arnschwang,SYSTEM
10,12.81495,49.273418,0,Arnschwang,SYSTEM
11,13.009448,49.20528,0,Haibühl Ortsmitte,SYSTEM
12,13.009245,49.205145,0,Haibühl Ortsmitte,SYSTEM
13,13.003148,49.203662,0,Abzweigung Ottenzell,SYSTEM
14,13.003172,49.20388,0,Abzweigung Ottenzell,SYSTEM
15,12.99187,49.208193,0,Ottenzell,SYSTEM
16,12.9814,49.206087,0,Auhof,SYSTEM
17,13.00224,49.19569,0,Bahnhof,SYSTEM
18,13.002545,49.195942,0,Bahnhof,SYSTEM
19,12.986112,49.195803,0,Siedlung,SYSTEM
20,12.986442,49.195853,0,Siedlung,SYSTEM
21,12.995272,49.192818,0,Tourist Info,SYSTEM
22,12.978223,49.196895,0,Vogelwiese,SYSTEM
23,12.97793,49.19726,0,Vogelwiese,SYSTEM
24,12.990063,49.164078,0,Eck,SYSTEM
25,12.990025,49.163902,0,Eck,SYSTEM
26,13.003922,49.188965,0,Sport Geiger,SYSTEM
27,13.013807,49.205755,0,Irlsaign,SYSTEM
28,13.013807,49.205755,0,Irlsaign,SYSTEM
29,12.966463,49.20463,0,Feriendorf Hohen Bogen,SYSTEM
30,12.958197,49.202352,0,Abzweigung Grossmühle,SYSTEM
31,13.00575,49.202048,0,Haibühl Schule,SYSTEM
32,12.82585,49.158635,0,Pulling,SYSTEM
33,12.82557,49.158625,0,Pulling,SYSTEM
34,12.808077,49.16115,0,Kreuzbach,SYSTEM
35,12.80785,49.161188,0,Kreuzbach,SYSTEM
36,12.83054,49.159865,0,Abzweigung Gmündt,SYSTEM
37,12.663122,49.225295,0,"Cham, Katzb. Str., Cafe Frizz",SYSTEM
38,12.666087,49.218162,0,"Cham, Marktplatz",SYSTEM
39,12.664553,49.219442,0,"Cham, Steinmarkt",SYSTEM
40,12.651652,49.227817,0,"Cham, Bergh.str./Kopfsteinstr.",SYSTEM
41,12.656408,49.222362,0,"Cham, Bahnhof",SYSTEM
42,12.65234,49.225092,0,"Cham, W.Schmidb-Str./Gartenstr",SYSTEM
43,12.655817,49.226235,0,"Cham, Kirchplatz, St. Josef",SYSTEM
44,12.655618,49.226482,0,"Cham, Kirchplatz, St. Josef",SYSTEM
45,12.654583,49.227993,0,"Cham, Bergh.str./Dr.Lagallystr",SYSTEM
46,12.659845,49.224405,0,"Cham, Bgm.-Vogel-Str./Abzw KH",SYSTEM
47,12.661863,49.222713,0,"Cham, Seniorenheim St. Michael",SYSTEM
48,12.676245,49.231483,0,"Cham, Mittelschule",SYSTEM
49,12.664138,49.225463,0,"Cham, Fraunhofer-Gymnasium",SYSTEM
50,12.668415,49.227473,0,"Cham, Kzg Brantl-Weg/Danz.Str.",SYSTEM
51,12.670407,49.228065,0,"Cham, Nunsting",SYSTEM
52,12.670773,49.225333,0,"Cham, Landratsamt",SYSTEM
53,12.670485,49.225372,0,"Cham, Landratsamt",SYSTEM
54,12.674673,49.224797,0,"Cham, Further Str./Gibachtstr.",SYSTEM
55,12.677797,49.226232,0,"Cham, Chambstr. (Siechen)",SYSTEM
56,12.679207,49.224857,0,"Cham, Chambstr./Abz. Wiesenw.",SYSTEM
57,12.673818,49.22333,0,"Cham, Altenstadter Str.",SYSTEM
58,12.669868,49.222077,0,"Cham, Further Str. (Sparkasse)",SYSTEM
59,12.668257,49.218682,0,"Cham, Floßhafen",SYSTEM
60,12.666553,49.21726,0,"Cham, Lucknerstr.",SYSTEM
61,12.650357,49.22711,0,"Cham, Katzb. Str., Fa.Hutterer",SYSTEM
62,12.663011,49.202264,0,"Cham, Abzw. Altenmarkt",SYSTEM
63,12.64903,49.22774,0,"Cham, Katzb. Str./ Westendstr.",SYSTEM
65,12.6645,49.201717,0,"Cham, Mittelweg, Frey Wohnen",SYSTEM
66,12.669467,49.203163,0,"Cham, Janahof, Abzw. Vilzingerstr.",SYSTEM
67,12.66958,49.2063,0,"Cham, Janahof, Abz. Finkenstr.",SYSTEM
68,12.632862,49.237247,0,Loibling Abzweigung Stamsrieder Straße,SYSTEM
69,12.635635,49.215845,0,"Cham, Michelsdorf, Ortsmitte",SYSTEM
70,12.631342,49.212648,0,"Cham, Michelsdorf, Arnulfstr",SYSTEM
73,12.659845,49.224405,0,"Cham, Altenm., Klostermühle",SYSTEM
74,12.625781,49.193119,0,"Cham, Brunn",SYSTEM
75,12.651708,49.245238,0,"Cham, Wackerling, Ortsmitte",SYSTEM
76,12.659118,49.232257,0,"Cham, Katzberg, Anw. Haimerl",SYSTEM
78,12.65931,49.22321,0,"Cham, Postamt",SYSTEM
79,12.660075,49.22244,0,"Cham, Stadtpark",SYSTEM
80,12.664567,49.224015,0,"Cham, Dr. Muggenthaler Str.",SYSTEM
81,12.661335,49.224472,0,"Cham, Abzw. Kalvarienbergweg",SYSTEM
82,12.647792,49.202023,0,"Haidhäuser, von-Pfeilsch.-Str",SYSTEM
83,12.637617,49.202807,0,"Cham, Haidhäuser, Ruckfeldweg",SYSTEM
84,12.637808,49.202748,0,"Cham, Haidhäuser, Ruckfeldweg",SYSTEM
85,12.712657,49.184465,0,Haderstadl Ortsmitte,SYSTEM
86,12.701603,49.18894,0,Kühberg,SYSTEM
87,12.689367,49.193288,0,Gutmaning Ortsmitte,SYSTEM
88,12.692803,49.199313,0,Hof Weiher,SYSTEM
89,12.695607,49.208527,0,Chammünster Schule,SYSTEM
90,12.715165,49.186903,0,Hilm,SYSTEM
91,12.621861,49.19705,0,"Cham, Stadl",SYSTEM
92,12.56928,49.21488,0,Wulfing,SYSTEM
93,12.617393,49.235442,0,Ponholzmühle,SYSTEM
94,12.617862,49.23571,0,Ponholzmühle,SYSTEM
95,12.63092,49.23715,0,"Cham, Loibling, Siedlung",SYSTEM
96,12.63092,49.23715,0,"Cham, Loibling, Siedlung",SYSTEM
98,12.641702,49.235982,0,"Cham, Katzbach",SYSTEM
99,12.64186,49.235848,0,"Cham, Katzbach",SYSTEM
100,12.644337,49.191848,0,"Cham, Scharlau",SYSTEM
101,12.644382,49.192123,0,"Cham, Scharlau",SYSTEM
103,12.697825,49.209233,0,Chammünster Untere Schulstraße,SYSTEM
104,12.645167,49.206392,0,"Cham, Altenmarkt, Ortsmitte",SYSTEM
105,12.724338,49.243515,0,Kothmaissling Zimmerei,SYSTEM
106,12.724357,49.24364,0,Kothmaissling Zimmerei,SYSTEM
107,12.684708,49.229728,0,"Cham, Abzw. Sonnenhang",SYSTEM
108,12.684668,49.22969,0,"Cham, Abzw. Sonnenhang",SYSTEM
109,12.629847,49.210583,0,"Michelsd.,Dr.Valentin-Koch-Str",SYSTEM
110,12.63794,49.218293,0,"Michelsdorf, Feuerwehrhaus",SYSTEM
111,12.706825,49.235137,0,Windischbergerdorf Abzweigung Schneiderb.,SYSTEM
112,12.639393,49.206595,0,"Cham, Altenmarkt, Kindergarten",SYSTEM
113,12.581403,49.213067,0,Untertraubenbach Ort,SYSTEM
114,12.581285,49.213168,0,Untertraubenbach Ort,SYSTEM
115,12.607417,49.200383,0,Ried am Pfahl,SYSTEM
116,12.708357,49.230893,0,"Kammerdorf,  Abzweigung Kammerdorfer strasse",SYSTEM
117,12.711687,49.232445,0,Windischbergerdorf Hofäckerstrasse Abzweigung,SYSTEM
119,12.58382,49.211333,0,Untertraubenbach Schule,SYSTEM
120,12.66739,49.20723,0,"Cham, Janahof",SYSTEM
121,12.66739,49.20723,0,"Cham, Janahof",SYSTEM
122,12.65989,49.202442,0,"Cham, Altenmarkt, Nowack",SYSTEM
123,12.712452,49.235368,0,Windischbergerdorf Feuerwehrhaus,SYSTEM
124,12.636395,49.215737,0,"Cham, Michelsdorf, Ringstr.",SYSTEM
125,12.632352,49.215152,0,"Cham, Michelsdorf, Martinstr.",SYSTEM
126,12.633987,49.214535,0,"Cham, Michelsdorf, Martinstr.",SYSTEM
127,12.658508,49.202608,0,"Cham, Altenmarkt, Kaufland",SYSTEM
130,12.628607,49.207482,0,"Cham, Altenmarkt, MAN",SYSTEM
131,12.668802,49.224892,0,"Cham, Busbahnhof Jahnstr.",SYSTEM
132,12.664265,49.222822,0,"Cham, Arbeitsamtstr./Friedhof",SYSTEM
133,12.713845,49.252255,0,Schlammering,SYSTEM
134,12.695462,49.236547,0,Buchbergsiedlung,SYSTEM
135,12.696008,49.236437,0,Buchbergsiedlung,SYSTEM
136,12.711803,49.237552,0,Windischbergerdorf Dorfbrunnen,SYSTEM
137,12.733517,49.243225,0,Kothmaissling Metzgerei,SYSTEM
138,12.733338,49.243248,0,Kothmaissling Metzgerei,SYSTEM
139,12.707428,49.23624,0,Blasini,SYSTEM
140,12.708078,49.236767,0,Blasini,SYSTEM
141,12.695147,49.211077,0,Chammünster Kirche,SYSTEM
142,12.694117,49.21094,0,Chammünster Kirche,SYSTEM
143,12.709002,49.211695,0,Chameregg,SYSTEM
144,12.70805,49.211677,0,Chameregg,SYSTEM
145,12.70046,49.211645,0,Chammünster Siedlung,SYSTEM
146,12.700473,49.211728,0,Chammünster Siedlung,SYSTEM
149,12.673158,49.184235,0,Sandhölzl,SYSTEM
150,12.672352,49.199555,0,"Cham, Gutmaning Abzw.",SYSTEM
151,12.672257,49.199517,0,"Cham, Gutmaning Abzw.",SYSTEM
152,12.734907,49.239663,0,Kothmaissling Abzweigung Raindorf,SYSTEM
154,12.660378,49.228585,0,"Cham, Abzw. Katzberger Str.",SYSTEM
155,12.65796,49.233552,0,"Cham, Katzberg, Dorfplatz",SYSTEM
156,12.653815,49.234907,0,Katzberg Höhenw. Abzw. Leitenw,SYSTEM
157,12.65117,49.236223,0,"Katzberg, Höhenweg, Anw. Blaha",SYSTEM
158,12.647525,49.238222,0,"Katzbach, Ziegeleiweg",SYSTEM
159,12.64535,49.235653,0,"Katzbach, Abzw. Alter Schulweg",SYSTEM
160,12.636973,49.233637,0,"Loibling, Kindergarten",SYSTEM
161,12.632645,49.234395,0,Loibling Ulmenstrasse,SYSTEM
162,12.648778,49.205597,0,"Altenmarkt, Feuerwehrhaus",SYSTEM
164,12.63945,49.23787,0,"Katzbach, Abzw. Birkenweg",SYSTEM
166,12.739153,49.185368,0,Abzweigung Staning,SYSTEM
167,12.739,49.185572,0,Abzweigung Staning,SYSTEM
168,12.73029,49.193458,0,Hörwalting,SYSTEM
169,12.730572,49.193303,0,Hörwalting,SYSTEM
170,12.73105,49.206325,0,Wölsting,SYSTEM
171,12.73145,49.206382,0,Wölsting,SYSTEM
172,12.72885,49.183965,0,"Staning,  Ortsmitte",SYSTEM
173,12.71162,49.23784,0,Windischbergerdorf Kurklinik,SYSTEM
174,12.589435,49.20731,0,"Abzweigung Wulting , Thierlstein",SYSTEM
175,12.661423,49.223633,0,"Cham, Grundschule",SYSTEM
176,12.682238,49.210905,0,Chammünster Gewerbepark,SYSTEM
177,12.681412,49.210532,0,Chammünster Gewerbepark,SYSTEM
178,12.905622,49.295867,0,Penzenmühle,SYSTEM
179,12.905622,49.295867,0,Penzenmühle,SYSTEM
180,12.91232,49.296828,0,"Eschlkam, Cafe Bayerwald",SYSTEM
181,12.912423,49.296765,0,"Eschlkam,  Cafe Bayerwald",SYSTEM
182,12.989645,49.301747,0,Warzenried Einödhof,SYSTEM
183,12.971338,49.296083,0,Warzenried Kirche,SYSTEM
184,12.917323,49.298815,0,Eschlkam Post,SYSTEM
185,12.91711,49.299093,0,"Eschlkam, Post",SYSTEM
186,12.942317,49.29251,0,stachesried Ort,SYSTEM
187,12.942303,49.292605,0,Stachesried Ort,SYSTEM
188,12.922702,49.306077,0,Großaign,SYSTEM
189,12.928137,49.307473,0,Großaign,SYSTEM
190,12.944957,49.313582,0,Neuaign Seugenhof,SYSTEM
191,12.952788,49.324742,0,Neuagin Schachten,SYSTEM
192,12.921898,49.334935,0,Gaishof,SYSTEM
193,12.96832,49.294187,0,warzenried,SYSTEM
194,12.96841,49.294472,0,Warzenried,SYSTEM
195,12.901123,49.270283,0,schwarzenberg,SYSTEM
196,12.901312,49.270393,0,schwarzenberg,SYSTEM
197,12.905888,49.29576,0,ritzenried,SYSTEM
198,12.907332,49.282347,0,ritzenried,SYSTEM
199,12.881362,49.26281,0,oberdörfl,SYSTEM
200,12.88186,49.26305,0,Oberdörfl,SYSTEM
201,12.950302,49.331918,0,"Svh
Schachten",SYSTEM
202,12.95236,49.277727,0,Abzweigung Hohenbuchberg,SYSTEM
203,12.952558,49.277545,0,Abzweig Hinterbuchberg,SYSTEM
206,12.5318,49.087507,0,Witzenzell,SYSTEM
207,12.506612,49.082495,0,Eckerzell,SYSTEM
208,12.506553,49.082487,0,Eckerzell,SYSTEM
209,12.488783,49.080603,0,Arrach,SYSTEM
210,12.488643,49.080512,0,Arrach,SYSTEM
211,12.485858,49.098335,0,Marktplatz,SYSTEM
214,12.45946,49.128792,0,Au,SYSTEM
215,12.467113,49.118592,0,Abzweigung Marienstein,SYSTEM
216,12.472872,49.115588,0,Schweinsberg,SYSTEM
217,12.48306,49.107243,0,Mühltal,SYSTEM
218,12.421118,49.09924,0,"Gfäll, ehemaliger Bahnhof",SYSTEM
219,12.502398,49.106373,0,Völling,SYSTEM
220,12.502638,49.106317,0,Völling,SYSTEM
223,12.488257,49.096832,0,Busbahnhof,SYSTEM
224,12.508895,49.08202,0,Abzweigung Aukenzell,SYSTEM
225,12.803115,49.298725,0,Waradein,SYSTEM
226,12.803178,49.298605,0,Waradein,SYSTEM
227,12.792115,49.292843,0,Ränkam,SYSTEM
228,12.792303,49.29275,0,Ränkam,SYSTEM
229,12.76972,49.29673,0,Degelberg,SYSTEM
230,12.768958,49.296805,0,Degelberg,SYSTEM
231,12.752515,49.312037,0,Gschwand,SYSTEM
232,12.752248,49.3121,0,Gschwand,SYSTEM
233,12.762575,49.309318,0,Lixenried,SYSTEM
234,12.8385,49.30949,0,Bahnhof,SYSTEM
235,12.846067,49.306235,0,Bayplatz,SYSTEM
236,12.893828,49.332523,0,"Daberg, Abzw.",SYSTEM
237,12.89113,49.323598,0,"Daberg, Hs.7",SYSTEM
238,12.88141,49.318773,0,Daberg -Ösbühl,SYSTEM
239,12.871398,49.315162,0,"Seuchau, Mühle",SYSTEM
240,12.841542,49.305378,0,Realschule,SYSTEM
241,12.874405,49.274065,0,Abzweig Sengenbühl,SYSTEM
242,12.866028,49.282555,0,Waldsiedlung,SYSTEM
243,12.866067,49.282748,0,Waldsiedlung,SYSTEM
244,12.861078,49.30259,0,Blätterberg,SYSTEM
245,12.861043,49.302492,0,Blätterberg,SYSTEM
246,12.851335,49.305143,0,Kötztinger Straße,SYSTEM
247,12.851333,49.305037,0,Kötztinger Straße,SYSTEM
248,12.86145,49.288082,0,Unterrappendorf,SYSTEM
249,12.861782,49.288005,0,Unterrappendorf,SYSTEM
252,12.737438,49.306575,0,Ried,SYSTEM
253,12.737638,49.306497,0,Ried,SYSTEM
254,12.881718,49.210098,0,Matheshof,SYSTEM
255,12.881683,49.209868,0,Matheshof,SYSTEM
256,12.903563,49.196137,0,Schönbuchen,SYSTEM
257,12.903558,49.196077,0,Schönbuchen,SYSTEM
258,12.897158,49.198823,0,Berghäuser,SYSTEM
259,12.896827,49.198842,0,Berghäuser,SYSTEM
260,12.884883,49.200188,0,Schule,SYSTEM
261,12.884998,49.200107,0,Schule,SYSTEM
262,12.877785,49.201727,0,Abzweigung Bahnhof,SYSTEM
263,12.877612,49.201793,0,Abzweigung Bahnhof,SYSTEM
264,12.86993,49.19251,0,Fressmannsdorf,SYSTEM
265,12.869813,49.192365,0,Fressmannsdorf,SYSTEM
267,12.878537,49.201972,0,Abzweigung Hubertusweg,SYSTEM
268,12.878882,49.201895,0,Abzweigung Hubertusweg,SYSTEM
269,12.878728,49.206073,0,Allemann,SYSTEM
270,12.878822,49.206298,0,Allemann,SYSTEM
271,12.95101,49.204395,0,Simpering,SYSTEM
272,12.951752,49.204097,0,Simpering,SYSTEM
273,12.919605,49.200597,0,Gotzendorf,SYSTEM
274,12.920018,49.201222,0,Gotzendorf,SYSTEM
275,12.937837,49.204115,0,Sparkasse,SYSTEM
276,12.93807,49.204033,0,Sparkasse,SYSTEM
277,12.931992,49.202482,0,Rosenau,SYSTEM
278,12.931417,49.202462,0,Rosenau,SYSTEM
279,12.869267,49.184265,0,Sperlhammer,SYSTEM
280,12.870888,49.18047,0,Beckendorf,SYSTEM
281,12.871123,49.180473,0,Beckendorf,SYSTEM
282,12.867173,49.176663,0,Zellerthal,SYSTEM
283,12.866033,49.17545,0,Zellerthal,SYSTEM
284,12.861155,49.177607,0,Schulzentrum,SYSTEM
285,12.853323,49.178273,0,AOK,SYSTEM
286,12.853423,49.178195,0,AOK,SYSTEM
287,12.914542,49.158265,0,"Bärndorf, Wartehäuschen",SYSTEM
288,12.9142,49.158305,0,"Bärndorf, Wartehäuschen",SYSTEM
289,12.8568,49.173448,0,Grossparkplatz,SYSTEM
290,12.852012,49.173122,0,Bahnhof,SYSTEM
291,12.856288,49.194927,0,"Haus, Ort",SYSTEM
292,12.857142,49.184252,0,Krankenhaus,SYSTEM
293,12.846462,49.172702,0,Abzweigung Bahnhof,SYSTEM
294,12.845517,49.172485,0,Abzweigung Bahnhof,SYSTEM
295,12.865453,49.172268,0,MB Hirschvogel,SYSTEM
296,12.865453,49.172268,0,MB Hirschvogel,SYSTEM
297,12.857377,49.191858,0,Haus Ortsausgang,SYSTEM
298,12.847823,49.167672,0,Egern,SYSTEM
299,12.843203,49.212252,0,Ramsried Ort,SYSTEM
300,12.886044,49.144019,0,"Bad Kötzting,Wettz., A. Schule",SYSTEM
301,12.886569,49.143167,0,"Bad Kötzting,Wettz., A. Schule",SYSTEM
302,12.881997,49.144956,0,"Bad Kötzting,Wettz., FFW-Haus",SYSTEM
303,12.872728,49.137311,0,"Bad Kötzting,Buchberg",SYSTEM
304,12.864733,49.146181,0,"Bad Kötzting, Sackenried",SYSTEM
305,12.842502,49.215287,0,Liebenstein Abzweigung,SYSTEM
306,12.84939,49.208167,0,Ramsried Post,SYSTEM
307,12.849425,49.208307,0,Ramsried Post,SYSTEM
308,12.85615,49.19794,0,Haus Siedlung,SYSTEM
309,12.856328,49.197927,0,Haus Siedlung,SYSTEM
310,12.857703,49.187525,0,Hauser Mühlberg,SYSTEM
311,12.857487,49.187988,0,Hauser Mühlberg,SYSTEM
313,12.842363,49.178317,0,Am Schinderb.,SYSTEM
314,12.853743,49.229375,0,Abzw. Nieassen,SYSTEM
315,12.85393,49.229367,0,"Thenried, Abzw. Nieassen",SYSTEM
316,12.853778,49.229335,0,Niesassen Abzweigung,SYSTEM
317,12.853915,49.229357,0,Niesassen Abzweigung,SYSTEM
318,12.888047,49.145472,0,"Bad Kötzting, Wettz., Friedh.",SYSTEM
319,12.8988,49.141544,0,"Bad Kötzting,Wettz., Nelzer",SYSTEM
320,12.885775,49.146933,0,"Wettzell, Abzw. Kaitersbach",SYSTEM
321,12.870928,49.15815,0,"Bad Kötzting, Weißenholz",SYSTEM
322,12.847456,49.136458,0,"Bad Kötzting, Ried a. See",SYSTEM
323,12.846208,49.1515,0,"Bad Kötzting, Hafenberg",SYSTEM
324,12.844448,49.16213,0,Weissenregen Wh,SYSTEM
325,12.854257,49.16591,0,Ludwigsburg Kreuzung,SYSTEM
326,12.888139,49.134367,0,"Bad Kötzting,Wettz.,Fischerhof",SYSTEM
327,12.888267,49.134072,0,"Bad Kötzting,Wettz.,Fischerhof",SYSTEM
328,12.865417,49.170642,0,Abzweigung Lam,SYSTEM
329,12.865727,49.170367,0,Abzweigung Lam,SYSTEM
335,12.946535,49.141412,0,"Matzelsdorf, Wh",SYSTEM
337,12.936557,49.154367,0,Höfing Wh,SYSTEM
340,12.930085,49.15187,0,"Steinbühl, Abzweigung Kirchenf.",SYSTEM
343,12.85123,49.15854,0,Hafenberg 2,SYSTEM
344,12.851027,49.161628,0,Weissenregen Abzweigung,SYSTEM
345,12.8782,49.145181,0,"Bad Kötzting, Wettzell, Sat. B. Stat.",SYSTEM
346,13.051322,49.191533,0,Bahnhof,SYSTEM
347,13.05389,49.193275,0,Abzweigung Bahnhof,SYSTEM
348,13.053742,49.19333,0,Abzweigung Bahnhof,SYSTEM
349,13.046113,49.194685,0,Schule,SYSTEM
350,13.053067,49.196045,0,Postamt,SYSTEM
351,13.05311,49.195953,0,Postamt,SYSTEM
352,13.048797,49.198815,0,Marktplatz,SYSTEM
353,13.049408,49.198497,0,Marktplatz,SYSTEM
354,13.03174,49.20649,0,Engelshütt,SYSTEM
355,13.031523,49.206785,0,Engelshütt,SYSTEM
356,13.030085,49.211467,0,Buchetbühl Ort,SYSTEM
357,13.030145,49.211502,0,Buchetbühl Ort,SYSTEM
358,13.020953,49.227372,0,Absetz Gh. Tanneck,SYSTEM
359,13.02096,49.227418,0,Absetz Gh. Tanneck,SYSTEM
360,13.02808,49.19124,0,Frahelsbruck Bahnhof,SYSTEM
361,13.044002,49.202077,0,Bauhof Großparkplatz,SYSTEM
362,13.04399,49.201983,0,Bauhof Großparkplatz,SYSTEM
363,13.05962,49.190768,0,Thürnstein,SYSTEM
364,13.059675,49.190963,0,Thürnstein,SYSTEM
365,13.064623,49.185755,0,Altschrenckenthal,SYSTEM
366,13.064712,49.185868,0,Altschrenckenthal,SYSTEM
367,13.073128,49.17923,0,Neuschrenkenthal,SYSTEM
368,13.072725,49.179453,0,Neuschrenkenthal,SYSTEM
369,13.078948,49.17681,0,Schwarzenbach Steg,SYSTEM
370,13.079583,49.17659,0,Schwarzenbach Steg,SYSTEM
371,13.09227,49.16989,0,Lohberghütte Abzweigung Sommerau,SYSTEM
372,13.092005,49.17009,0,Lohberghütte Abzweigung Sommerau,SYSTEM
373,13.0998,49.170395,0,Gasthaus Wastl,SYSTEM
374,13.097705,49.170447,0,Gasthaus Wastl,SYSTEM
375,13.106353,49.173448,0,Gemeindeverwaltung,SYSTEM
376,13.106363,49.173742,0,Gemeindeverwaltung,SYSTEM
377,13.108512,49.179715,0,Oberlohberg,SYSTEM
378,13.108263,49.179552,0,Oberlohberg,SYSTEM
379,13.107945,49.16197,0,Sommerau,SYSTEM
380,13.120193,49.152685,0,Reissbrücke,SYSTEM
381,13.090548,49.170913,0,Lohberghütte Tierpark,SYSTEM
382,13.117512,49.127538,0,kleiner Arbersee,SYSTEM
383,12.553065,49.124442,0,Ortsmitte,SYSTEM
384,12.552442,49.124137,0,Ortsmitte,SYSTEM
385,12.53602,49.120358,0,St. Quirin,SYSTEM
386,12.53677,49.120682,0,st. Quirin,SYSTEM
387,12.568062,49.125718,0,Abzweigung Griessmühl,SYSTEM
388,12.562983,49.111752,0,Regelsmais,SYSTEM
389,12.562683,49.111872,0,Regelsmais,SYSTEM
390,12.557803,49.09814,0,Reichersdorf,SYSTEM
391,12.548773,49.105517,0,Momansfelden,SYSTEM
400,12.76904,49.15765,0,"Miltach, Kirche",SYSTEM
401,12.769333,49.157808,0,"Miltach, Kirche",SYSTEM
402,12.785785,49.162957,0,"Miltach, Tiefental",SYSTEM
403,12.785888,49.162815,0,"Miltach, Tiefental",SYSTEM
404,12.769262,49.16073,0,"Miltach, Schule",SYSTEM
405,12.989217,49.25941,0,Atzlern,SYSTEM
406,12.989247,49.25956,0,Atzlern,SYSTEM
407,13.029615,49.255087,0,Hanger,SYSTEM
408,13.028508,49.25546,0,Hanger,SYSTEM
409,13.005492,49.258472,0,Grauhof,SYSTEM
410,13.005675,49.258542,0,Grauhof,SYSTEM
411,13.004715,49.263125,0,Spandberg,SYSTEM
412,12.98568,49.270053,0,Anger,SYSTEM
413,12.975667,49.270927,0,Vorderbuchberg,SYSTEM
414,12.990965,49.281268,0,Haberlsäge,SYSTEM
415,13.01941,49.287288,0,Hofberg,SYSTEM
416,12.967407,49.280668,0,Hinterbuchberg Ort,SYSTEM
417,13.014915,49.300163,0,Jägershof,SYSTEM
418,12.968945,49.262648,0,Schule,SYSTEM
419,12.969138,49.26275,0,Schule,SYSTEM
420,13.04914,49.246947,0,Rittsteig FW-Haus,SYSTEM
421,12.990505,49.231018,0,Kolmstein Abzw,SYSTEM
422,12.985982,49.23519,0,Mais,SYSTEM
423,12.993387,49.246968,0,Lamberg,SYSTEM
424,12.966477,49.273175,0,Abzweig Vorderbuchberg,SYSTEM
425,12.966585,49.273348,0,Abzweigung Vorderbuchberg,SYSTEM
426,12.970978,49.257118,0,Walching,SYSTEM
427,12.97096,49.257203,0,Walching,SYSTEM
428,12.970357,49.259757,0,Marktstraße,SYSTEM
429,12.970395,49.259877,0,Marktstraße,SYSTEM
430,13.052217,49.241318,0,Neurittsteig,SYSTEM
431,13.053043,49.241522,0,Neurittsteig,SYSTEM
432,12.967252,49.266168,0,Klosterschmiede,SYSTEM
433,12.9674,49.266195,0,Klosterschmiede,SYSTEM
434,13.044413,49.24949,0,Rittsteig Dorfpl.,SYSTEM
435,13.044668,49.249533,0,Rittsteig Dorfpl,SYSTEM
436,12.575222,49.247672,0,Au,SYSTEM
437,12.575513,49.247743,0,Au,SYSTEM
438,12.604585,49.248793,0,Pitzling,SYSTEM
439,12.61188,49.23856,0,Haid,SYSTEM
440,12.570415,49.288153,0,Höfenmühle,SYSTEM
441,12.5842,49.283927,0,Engelsdorf,SYSTEM
442,12.583972,49.283842,0,Engelsdorf,SYSTEM
443,12.596107,49.27648,0,Kager,SYSTEM
444,12.596278,49.276388,0,Kager,SYSTEM
445,12.63033,49.249533,0,Großbergerdorf,SYSTEM
446,12.577645,49.241735,0,Ried b. Pitzling,SYSTEM
447,12.62732,49.302363,0,Grafenkirchen,SYSTEM
448,12.602152,49.270883,0,Buchermühle,SYSTEM
449,12.525297,49.234042,0,Langwald,SYSTEM
450,12.521717,49.23586,0,Langwald,SYSTEM
451,12.521717,49.23586,0,Langwald,SYSTEM
452,12.54251,49.229243,0,Bahnhof,SYSTEM
453,12.532977,49.232472,0,Tannet,SYSTEM
454,12.54774,49.230143,0,Lagerhaus,SYSTEM
455,12.348525,49.18597,0,Kienleiten,SYSTEM
456,12.348793,49.185867,0,Bushäuschen,SYSTEM
457,12.349667,49.185833,0,Bushäuschen,SYSTEM
458,12.348802,49.188077,0,"Kienleiten, Birkenhöhe",SYSTEM
459,12.484692,49.069098,0,Ebersroith,SYSTEM
460,12.484842,49.068978,0,ebersroith,SYSTEM
461,12.455013,49.086792,0,Ruderszell,SYSTEM
463,12.89102,49.21278,0,Offersdorf,SYSTEM
464,12.891125,49.212772,0,Offersdorf,SYSTEM
465,12.856908,49.231578,0,"Thenried, Schreinerei",SYSTEM
466,12.851442,49.247938,0,Döning,SYSTEM
467,12.856472,49.244652,0,Perlesried,SYSTEM
468,12.842432,49.240553,0,Zettisch Siedlung,SYSTEM
469,12.849055,49.237902,0,Zettisch,SYSTEM
470,12.869115,49.231332,0,"Thenried,  Linde",SYSTEM
471,12.865732,49.241628,0,Madersdorf,SYSTEM
472,12.865538,49.241688,0,Madersdorf,SYSTEM
473,12.885232,49.225855,0,Hergottschnitzer,SYSTEM
474,12.857215,49.232112,0,Thenried Ort,SYSTEM
475,12.870803,49.252993,0,Abzweig Grafenried,SYSTEM
477,12.883617,49.226697,0,Dorfplatz,SYSTEM
478,12.883753,49.226772,0,Dorfplatz,SYSTEM
479,12.876007,49.229683,0,Kapelle,SYSTEM
480,12.876802,49.229427,0,Kapelle,SYSTEM
481,12.868403,49.236088,0,Abzweigung  Lichteneck,SYSTEM
482,12.868273,49.236043,0,Abzweigung Lichteneck,SYSTEM
483,12.845125,49.221087,0,Kettersdorf,SYSTEM
484,12.845443,49.221162,0,Kettersdorf,SYSTEM
485,12.845443,49.221162,0,Kettersdorf,SYSTEM
486,12.519478,49.189863,0,"Roding, Krankenhaus",SYSTEM
487,12.519478,49.189863,0,"Roding, Krankenhaus",SYSTEM
488,12.520767,49.192717,0,"Roding, Busbahnhof, Schorndorf. Str.",SYSTEM
489,12.519867,49.192707,0,"Roding, Busbahnhof, Schorndorf. Str.",SYSTEM
494,12.508843,49.20575,0,"Roding, Oberdorf",SYSTEM
495,12.508962,49.20583,0,"Roding, Oberdorf",SYSTEM
496,12.510847,49.210153,0,"Roding, Gstetten",SYSTEM
497,12.511038,49.210212,0,"Roding, Gstetten",SYSTEM
498,12.510218,49.215445,0,"Roding, Oberkreith, Ernst-Abbe-Str.",SYSTEM
499,12.5137,49.213695,0,"Roding, Bahnhof",SYSTEM
500,12.513982,49.21382,0,"Roding, Bahnhof",SYSTEM
501,12.481192,49.210775,0,"Roding, IG, Turonstr.",SYSTEM
502,12.512345,49.192432,0,"Roding, Am Hohen Kreuz",SYSTEM
503,12.511945,49.192223,0,"Rod, Am Hohen Kreuz",SYSTEM
504,12.518428,49.19567,0,"Roding, Sparkasse",SYSTEM
505,12.518565,49.195678,0,"Roding, Sparkasse",SYSTEM
508,12.512623,49.212513,0,"Roding, Abzw. Bahnh./Pfarrheidew.",SYSTEM
509,12.543378,49.220318,0,"Roding, Wetterfeld Dorfmitte",SYSTEM
510,12.543575,49.220143,0,"Roding, Wetterfeld Dorfmitte",SYSTEM
511,12.554442,49.197015,0,"Roding, Kagerhof",SYSTEM
512,12.561517,49.198835,0,"Roding, Heidersberg",SYSTEM
513,12.50326,49.185713,0,"Roding, Stadlhof,  Abzw. Regenpeilstein",SYSTEM
514,12.503052,49.185803,0,"Roding, Stadlhof, Abzw. 85276",SYSTEM
515,12.486477,49.17893,0,"Roding, Wiesing",SYSTEM
516,12.486348,49.178973,0,"Roding, Wiesing",SYSTEM
517,12.475302,49.174478,0,"Roding, Mackenschleife",SYSTEM
519,12.462662,49.15595,0,"Roding, Trasching, Ortsmitte",SYSTEM
520,12.536635,49.187633,0,"Roding, IG Continental",SYSTEM
521,12.507343,49.18612,0,"Roding, Kienholz,Stadlhof",SYSTEM
523,12.485653,49.206062,0,"Roding, Altenkreith,HSt. B85",SYSTEM
524,12.486388,49.205835,0,"Roding, Altenkreith, HSt. B85",SYSTEM
525,12.463302,49.204525,0,"Roding, Nassen / Altenkreith",SYSTEM
528,12.511282,49.215503,0,"Roding, Wernher-von-Braun-Str.",SYSTEM
529,12.512058,49.221965,0,"Roding, Oberkreith",SYSTEM
530,12.501097,49.241795,0,"Roding, Strahlfeld, Bushaltestelle",SYSTEM
532,12.546997,49.156793,0,"Roding, Oberprombach",SYSTEM
533,12.54657,49.156967,0,"Roding, Oberprombach",SYSTEM
534,12.549177,49.15081,0,"Roding, Abzw. Kalsinger Weg",SYSTEM
535,12.557993,49.160243,0,"Roding, Obertrübenbach",SYSTEM
536,12.524988,49.19799,0,"Roding, Chamer Steig",SYSTEM
537,12.508298,49.199868,0,"Roding, Mitterdorf, Sparkasse",SYSTEM
538,12.508482,49.19989,0,"Roding, Mitterdorf, Sparkasse",SYSTEM
539,12.545393,49.172992,0,"Roding, Untertrübenbach",SYSTEM
540,12.54551,49.172558,0,"Roding, Untertrübenbach",SYSTEM
541,12.502732,49.216493,0,"Roding, Oberkreith, Mühlbauer Platz",SYSTEM
543,12.470217,49.19912,0,"Roding, Nassen, Anw. Meierhofer",SYSTEM
544,12.45966,49.14558,0,"Roding, Nassen, Anw. Bauer",SYSTEM
545,12.48998,49.213033,0,"Roding, IG, Weiherhausweg",SYSTEM
546,12.423305,49.233017,0,"Neubäu, Loberweg",SYSTEM
547,12.524772,49.198593,0,"Roding, Stadthalle /Soldatenh.",SYSTEM
548,12.52432,49.198158,0,"Roding, Stadthalle / Soldatenh",SYSTEM
549,12.544223,49.144405,0,"Roding, Kalsing, FFW -Haus",SYSTEM
550,12.528815,49.152455,0,"Roding, Triftersberg",SYSTEM
551,12.531383,49.156382,0,"Roding, Marbelshof",SYSTEM
552,12.53579,49.160013,0,"Roding, Eidenthal",SYSTEM
555,12.52987,49.167598,0,"Roding, Abzw. Unterprombach",SYSTEM
556,12.51612,49.169238,0,"Unterlintach, Abzw. Unterprombach",SYSTEM
557,12.468913,49.160077,0,"Roding, Abzw. Eilberg",SYSTEM
558,12.484252,49.170067,0,"Roding, Grubhof Abzweigung",SYSTEM
561,12.558372,49.172173,0,"Roding, Hochbrunn",SYSTEM
562,12.556918,49.176972,0,"Roding, Hochbrunn",SYSTEM
563,12.55693,49.17723,0,"Roding, Hochbrunn",SYSTEM
566,12.544115,49.217948,0,"Wetterfeld, Traubenbergweg",SYSTEM
567,12.54434,49.215717,0,"Roding, Wetterfeld, Traubenbergweg",SYSTEM
570,12.448667,49.166777,0,"Roding, Roithof",SYSTEM
573,12.462535,49.150683,0,"Roding, Abzw. Gabler",SYSTEM
574,12.489507,49.17677,0,"Roding, Hofmühl",SYSTEM
575,12.505472,49.176503,0,"Roding, Wacherling Ortsmitte",SYSTEM
576,12.513505,49.183457,0,"Roding, Ziehring Ortsmitte",SYSTEM
579,12.526858,49.338415,0,"Rötz, Postamt",SYSTEM
581,12.486103,49.338122,0,"Rötz, Hillstett",SYSTEM
582,12.486185,49.338215,0,"Rötz, Hillstett",SYSTEM
583,12.535552,49.330372,0,Kleinenzenried,SYSTEM
584,12.537673,49.328102,0,Kleinenzenried,SYSTEM
585,12.547302,49.310262,0,"Rötz, Bernried",SYSTEM
586,12.546217,49.30763,0,"Rötz, Bernried",SYSTEM
587,12.56483,49.295833,0,Schatzendorf,SYSTEM
588,12.564955,49.295883,0,Schatzendorf,SYSTEM
589,12.554875,49.34399,0,"Rötz, Grub",SYSTEM
590,12.542073,49.337832,0,"Rötz, Gmünd",SYSTEM
591,12.567158,49.327363,0,"Rötz, Wenzenried",SYSTEM
592,12.568222,49.343318,0,"Rötz, Abzw. Steegen",SYSTEM
593,12.549538,49.354792,0,"Rötz, Trobelsdorf",SYSTEM
594,12.549892,49.355093,0,"Rötz, Trobelsdorf",SYSTEM
595,12.530565,49.341198,0,"Rötz, Schule",SYSTEM
596,12.570945,49.341335,0,"Rötz, Steegen",SYSTEM
597,12.529372,49.354538,0,Abzw. Grassersdorf,SYSTEM
598,12.541122,49.377707,0,Diepoltsried,SYSTEM
599,12.547877,49.382015,0,Güttenberg,SYSTEM
600,12.546497,49.398173,0,Fahnersdorf,SYSTEM
601,12.540642,49.403782,0,Hermannsbrunn,SYSTEM
602,12.526068,49.398585,0,Heinrichskirchen,SYSTEM
603,12.525707,49.39891,0,Heinrichskirchen,SYSTEM
605,12.502763,49.389727,0,Pillmersried,SYSTEM
606,12.499105,49.372312,0,Katzelsried,SYSTEM
607,12.517955,49.379667,0,Voitsried,SYSTEM
608,12.527108,49.352875,0,Hetzmannsdorf,SYSTEM
609,12.520362,49.34296,0,"Rötz, Bauhofer Weg",SYSTEM
610,12.487033,49.34924,0,"Rötz, Schellhof",SYSTEM
611,12.521222,49.364632,0,Grassersdorf,SYSTEM
612,12.54798,49.347902,0,"Rötz, Berndorf",SYSTEM
613,12.548087,49.347837,0,"Rötz, Berndorf",SYSTEM
614,12.527977,49.34221,0,"Rötz, Marktplatz",SYSTEM
615,12.54207,49.341068,0,"Rötz, Abzw. Gmünd",SYSTEM
616,12.548602,49.304538,0,Bernried Abz. Stamsried,SYSTEM
617,12.548663,49.304613,0,Bernried Abz. Stamsried,SYSTEM
620,12.514727,49.39222,0,Pillmersried Abzw.,SYSTEM
621,12.750142,49.23758,0,Raindorf,SYSTEM
622,12.775173,49.232785,0,Rieding,SYSTEM
623,12.775223,49.232562,0,Rieding,SYSTEM
624,12.757667,49.238462,0,Schwarzau,SYSTEM
625,12.757777,49.238517,0,Schwarzau,SYSTEM
626,12.741753,49.210125,0,Göttling,SYSTEM
627,12.77668,49.202768,0,Abzweigung Kapelle,SYSTEM
628,12.772103,49.232755,0,Abzweigung Rieding,SYSTEM
629,12.588717,49.322693,0,Öd,SYSTEM
630,12.602183,49.334167,0,Flischberg,SYSTEM
631,12.593575,49.335882,0,Flischbach,SYSTEM
632,12.60824,49.339907,0,B22 Abzw. Flischb.,SYSTEM
633,12.60871,49.339902,0,B22 Abzw. Flischb.,SYSTEM
634,12.616952,49.336018,0,Rhan,SYSTEM
635,12.617503,49.33504,0,Rhan,SYSTEM
636,12.617648,49.33495,0,Rhan,SYSTEM
637,12.627787,49.331975,0,Lixendöfering,SYSTEM
638,12.630885,49.337472,0,Döfering,SYSTEM
639,12.630772,49.337135,0,Döfering,SYSTEM
640,12.625808,49.360082,0,Thurau,SYSTEM
641,12.578775,49.347423,0,"Schönthal, Niederprem. Abzw.",SYSTEM
642,12.578948,49.384632,0,Hiltersried,SYSTEM
643,12.566597,49.370208,0,Premeischl,SYSTEM
644,12.566607,49.370043,0,Premeischl,SYSTEM
645,12.592733,49.372192,0,Trosendorf,SYSTEM
646,12.599372,49.379473,0,Loitendorf,SYSTEM
647,12.606148,49.355013,0,Rathaus,SYSTEM
648,12.606517,49.355468,0,Rathaus,SYSTEM
649,12.606415,49.355897,0,Rathaus,SYSTEM
650,12.591598,49.38384,0,Röhrlhof,SYSTEM
651,12.56447,49.367243,0,"Premeischl, FW-Haus",SYSTEM
652,12.565208,49.367662,0,"Premeischl, FW-Haus",SYSTEM
653,12.57785,49.383715,0,"Hiltersried, FW-Haus",SYSTEM
654,12.59912,49.352128,0,"Schönthal, Autohaus Greil",SYSTEM
655,12.60174,49.1567,0,"Schorndorf, Stegbach",SYSTEM
656,12.601417,49.153419,0,"Schorndorf, Stegbach",SYSTEM
660,12.589413,49.18824,0,Haid am Bühl,SYSTEM
661,12.630394,49.182836,0,"Schorndorf, Radling, Fichtenw.",SYSTEM
662,12.6269,49.186603,0,"Schorndorf, Radling, Pfahlstr.",SYSTEM
663,12.600475,49.130053,0,"Schorndorf, Berghof",SYSTEM
664,12.600475,49.130053,0,"Schorndorf, Berghof",SYSTEM
665,12.604242,49.138025,0,"Schorndorf, Neuhaus",SYSTEM
666,12.604408,49.138044,0,"Schorndorf, Neuhaus",SYSTEM
669,12.616033,49.154008,0,"Schorndorf, Thierling",SYSTEM
670,12.606769,49.164319,0,"Schorndorf, Knöbling",SYSTEM
671,12.606644,49.165344,0,"Schorndorf, Knöbling",SYSTEM
672,12.627206,49.179022,0,"Schorndorf, Radling",SYSTEM
673,12.627053,49.178703,0,"Schorndorf, Radling",SYSTEM
674,12.621753,49.191597,0,"Schorndorf, Pfahlhäuser",SYSTEM
675,12.617065,49.187288,0,Reismühle,SYSTEM
676,12.609577,49.18877,0,Penting Feuerwehr Geräte Haus,SYSTEM
677,12.611677,49.191882,0,Penting Abzweigung Pfahlkreuz,SYSTEM
678,12.611613,49.191848,0,Penting Abzweigung Pfahlkreuz,SYSTEM
680,12.589137,49.201068,0,Wulting,SYSTEM
681,12.574948,49.19421,0,"Obertraubenbach, Siedlung",SYSTEM
682,12.588417,49.185373,0,haid am Bühl Abzweigung,SYSTEM
683,12.580375,49.184555,0,Nanzing,SYSTEM
684,12.58105,49.182383,0,Nanzing,SYSTEM
686,12.586293,49.1706,0,Schorndorfsried,SYSTEM
687,12.593232,49.161582,0,Florianweg,SYSTEM
689,12.595737,49.165963,0,Lilienstrasse,SYSTEM
690,12.596167,49.163172,0,orleitenweg,SYSTEM
691,12.607478,49.164282,0,"Knöbling, am anger",SYSTEM
692,12.577228,49.161757,0,Schorndorfsgrub,SYSTEM
693,12.614953,49.153048,0,schlossstrasse,SYSTEM
694,12.610868,49.149157,0,Abzw. Anwesen Raith,SYSTEM
695,12.56497,49.162533,0,Litzling,SYSTEM
696,12.599045,49.140557,0,Reishof,SYSTEM
697,12.591667,49.138303,0,Oberaign,SYSTEM
698,12.590295,49.143685,0,unteraigen,SYSTEM
699,12.590178,49.143678,0,unteraigen,SYSTEM
701,12.56995,49.146462,0,Baierberg,SYSTEM
702,12.570053,49.146582,0,Baierberg,SYSTEM
703,12.591637,49.15688,0,Kindergarten,SYSTEM
704,12.583878,49.174897,0,Biendlseigen,SYSTEM
705,12.599768,49.197372,0,Kötzting,SYSTEM
706,12.610386,49.189083,0,"Schorndorf, Penting, Ort",SYSTEM
707,12.610061,49.188675,0,"Schorndorf, Penting, Ort",SYSTEM
710,12.578667,49.20331,0,Erlmühle,SYSTEM
711,12.591842,49.15917,0,Kirche,SYSTEM
712,12.591423,49.15873,0,Kirche,SYSTEM
713,12.612978,49.166687,0,"Knöbling, Kreuzfeldstrasse",SYSTEM
715,12.624842,49.176002,0,"Radling, Am Mühlbach",SYSTEM
716,12.628863,49.181517,0,Radling Ortsmitte,SYSTEM
718,12.530922,49.265412,0,Betriebsh. Multerer,SYSTEM
719,12.538408,49.251887,0,Freundelsdorf,SYSTEM
720,12.539415,49.251997,0,Freundelsdorf,SYSTEM
721,12.532913,49.280638,0,Abzw. Hilpersried,SYSTEM
722,12.54191,49.29272,0,Diebersried,SYSTEM
723,12.5432,49.291785,0,Diebersried,SYSTEM
724,12.549308,49.25088,0,Kollenzendorf,SYSTEM
725,12.55813,49.250215,0,Plattenhöh,SYSTEM
726,12.55797,49.250363,0,Plattenhöh,SYSTEM
727,12.48941,49.279958,0,Thanried,SYSTEM
728,12.541753,49.292635,0,Diebersried Abzw.,SYSTEM
729,12.52813,49.271758,0,Schule,SYSTEM
730,12.530998,49.267012,0,Marktplatz,SYSTEM
731,12.530998,49.267012,0,Marktplatz,SYSTEM
732,12.545893,49.297043,0,Löwenbrunn,SYSTEM
733,12.545755,49.296998,0,Löwenbrunn,SYSTEM
734,12.535958,49.257337,0,Freundelsdorf  8,SYSTEM
735,12.560997,49.413915,0,Irlach,SYSTEM
736,12.560405,49.414027,0,Irlach,SYSTEM
737,12.581432,49.454475,0,Hannesried,SYSTEM
738,12.595705,49.435425,0,Hammertiefenbach,SYSTEM
739,12.595815,49.435588,0,Hammertiefenbach,SYSTEM
740,12.577948,49.463447,0,Kagern,SYSTEM
741,12.577547,49.463387,0,Kagern,SYSTEM
742,12.596812,49.462248,0,Schönau,SYSTEM
743,12.571613,49.39773,0,Katzelsried,SYSTEM
744,12.613036,49.119847,0,"Traitsching, Obergoßzell",SYSTEM
745,12.613397,49.119789,0,"Traitsching, Obergoßzell",SYSTEM
746,12.625344,49.109761,0,"Traitsching, Sattelbogen",SYSTEM
747,12.626839,49.109181,0,"Traitsching, Sattelbogen",SYSTEM
748,12.614017,49.1104,0,"Traitsching, Abzw. Atzenzell",SYSTEM
749,12.61475,49.110678,0,"Traitsching, Abzw. Atzenzell",SYSTEM
750,12.6061,49.106561,0,"Traitsching, Atzenzell, Ortsm.",SYSTEM
751,12.606133,49.106433,0,"Traitsching, Atzenzell, Ortsm.",SYSTEM
752,12.594275,49.113992,0,"Traitsching, Höhhof",SYSTEM
753,12.594333,49.113875,0,"Traitsching, Höhhof",SYSTEM
754,12.608706,49.118464,0,"Traitsching, Untergoßzell",SYSTEM
755,12.608892,49.118642,0,"Traitsching, Untergoßzell",SYSTEM
756,12.637803,49.170108,0,"Loifling, Churpfalzpark",SYSTEM
757,12.640047,49.1599,0,"Traitsching, Thal",SYSTEM
758,12.665058,49.154917,0,"Traitsching, Siedling",SYSTEM
759,12.640586,49.119094,0,"Traitsching, Habersdorf Abzw.",SYSTEM
760,12.637781,49.133225,0,"Traitsching, Dinzling",SYSTEM
761,12.605669,49.121119,0,"Traitsching, Berghof Wieden",SYSTEM
762,12.605781,49.120969,0,"Traitsching, Berghof Wieden",SYSTEM
763,12.624253,49.421763,0,Edlmühl,SYSTEM
764,12.62461,49.42163,0,Edlmühl,SYSTEM
765,12.625533,49.393983,0,Biberbach,SYSTEM
766,12.615175,49.406815,0,Abzweigung Witzelsmühle,SYSTEM
767,12.651693,49.257328,0,"Rhanwalting, Siedlung",SYSTEM
768,12.652228,49.257502,0,"Rhanwalting, Siedlung",SYSTEM
769,12.648113,49.255107,0,"Rhanwalting, Weiher",SYSTEM
770,12.647875,49.255127,0,"Rhanwalting, Weiher",SYSTEM
771,12.665213,49.26089,0,Kirche,SYSTEM
772,12.665338,49.26075,0,Kirche,SYSTEM
773,12.678745,49.291305,0,Balbersdorf,SYSTEM
774,12.680037,49.291455,0,Balbersdorf,SYSTEM
775,12.680528,49.300758,0,Klinglmühle,SYSTEM
776,12.680252,49.300152,0,Klinglmühle,SYSTEM
777,12.67494,49.280277,0,Saisting,SYSTEM
778,12.675203,49.280508,0,Saisting,SYSTEM
779,12.669267,49.271603,0,Weiher,SYSTEM
780,12.669642,49.271858,0,Weiher,SYSTEM
781,12.667767,49.266753,0,Maiberg,SYSTEM
782,12.667675,49.26638,0,Maiberg,SYSTEM
783,12.68153,49.291493,0,"Balbersdorf, Bhf",SYSTEM
784,12.680798,49.291687,0,"Balbersdorf, Bhf",SYSTEM
785,12.367145,49.140315,0,Hirschenbühl,SYSTEM
786,12.367297,49.140397,0,Hirschenbühl,SYSTEM
787,12.346873,49.139242,0,"Abzweigung Wald, Tap. Schweiger",SYSTEM
788,12.34636,49.139433,0,"Abzweigung Wald, Tap. Schweiger",SYSTEM
789,12.332025,49.141822,0,Rossbach Gh. Eichinger,SYSTEM
790,12.331995,49.141908,0,Rossbach Gh. Eichinger,SYSTEM
791,12.364802,49.106778,0,Süssenbach,SYSTEM
792,12.354758,49.095105,0,Siegenstein,SYSTEM
793,12.354718,49.095165,0,Siegenstein,SYSTEM
794,12.345017,49.119203,0,Maiertshof,SYSTEM
795,12.333573,49.128358,0,Luckstein,SYSTEM
796,12.315967,49.153093,0,Gumping,SYSTEM
800,12.354937,49.123358,0,Woppmannsdorf,SYSTEM
801,12.348388,49.149308,0,Schule,SYSTEM
804,12.35724,49.101448,0,Wiesmühle,SYSTEM
806,12.332728,49.142572,0,Rossbach ehemaliger Bahnhof,SYSTEM
807,12.33314,49.142713,0,Rossbach ehemaliger Bahnhof,SYSTEM
808,12.342545,49.146662,0,Abzweigung Nahenfürst,SYSTEM
809,12.342522,49.146775,0,Abzweigung Nahenfürst,SYSTEM
810,12.348675,49.150187,0,Kirche,SYSTEM
811,12.359285,49.14675,0,Ost,SYSTEM
812,12.35917,49.146668,0,Ost,SYSTEM
813,12.356822,49.097782,0,Abzweigung Frauenhofen,SYSTEM
814,12.370123,49.129962,0,Dangelsdorf,SYSTEM
816,12.326002,49.11757,0,Mainsbauern,SYSTEM
818,12.414018,49.197798,0,Strasshof,SYSTEM
819,12.413848,49.19782,0,strasshof,SYSTEM
820,12.380283,49.184923,0,Bushäuschen,SYSTEM
821,12.412733,49.19501,0,Abzweigung Eichelberg,SYSTEM
822,12.406765,49.184253,0,Kirchenrohrbach Feuerwehr Haus,SYSTEM
823,12.367092,49.186127,0,Abzweigung Dieberg,SYSTEM
824,12.428712,49.205063,0,Nassen,SYSTEM
825,12.402137,49.189155,0,Abzweigung Kirchenrohrbach,SYSTEM
826,12.410908,49.192785,0,Abzweigung Brunsthof,SYSTEM
827,12.360598,49.19478,0,Dieberg Feuerwehr Haus,SYSTEM
828,12.64918,49.379865,0,Ast,SYSTEM
829,12.635462,49.37105,0,Kritzenast,SYSTEM
830,12.635407,49.370923,0,Kritzenast,SYSTEM
831,12.645368,49.364527,0,Albernhof,SYSTEM
832,12.669028,49.37294,0,Hochabrunn,SYSTEM
833,12.669122,49.366035,0,Englmannsbrunn,SYSTEM
834,12.679742,49.377583,0,Neue Ziegelhütte,SYSTEM
835,12.696113,49.377995,0,Bahnhof,SYSTEM
836,12.706335,49.380477,0,Grundschule,SYSTEM
837,12.703122,49.385642,0,Schulzentrum,SYSTEM
838,12.647107,49.337153,0,Haschaberg,SYSTEM
839,12.70141,49.342775,0,Machtesberg,SYSTEM
840,12.659853,49.334792,0,Sinzendorf,SYSTEM
841,12.674048,49.338092,0,Beckenhöhle,SYSTEM
842,12.67395,49.338038,0,Beckenhöhle,SYSTEM
843,12.681477,49.327922,0,Geigant Schule,SYSTEM
844,12.696288,49.30298,0,Häuslarn,SYSTEM
845,12.684473,49.312675,0,Katzbach,SYSTEM
846,12.684245,49.3127,0,Katzbach,SYSTEM
847,12.683638,49.32012,0,"Geigant, Abzweigung Rossh.",SYSTEM
848,12.667023,49.349873,0,Zillendorf,SYSTEM
849,12.706298,49.377788,0,Marktplatz,SYSTEM
850,12.699603,49.377655,0,Abzweigung Bahnhof,SYSTEM
851,12.682587,49.419382,0,Untergrafenried,SYSTEM
852,12.641672,49.41586,0,Abzweigung Eglsee,SYSTEM
853,12.641893,49.415912,0,Abzweigung Eglsee,SYSTEM
854,12.656335,49.409312,0,Spielberg,SYSTEM
855,12.656472,49.409343,0,Spielberg,SYSTEM
856,12.673275,49.398168,0,Kümmersmühle,SYSTEM
857,12.67274,49.39846,0,Kümmersmühle,SYSTEM
858,12.68907,49.384153,0,Hocha,SYSTEM
859,12.688995,49.384305,0,Hocha,SYSTEM
860,12.673473,49.380897,0,Babelsäge,SYSTEM
861,12.682318,49.326595,0,Geigant Kirche,SYSTEM
862,12.711172,49.346385,0,Lengau,SYSTEM
863,12.657723,49.353718,0,Rannersdorf,SYSTEM
864,12.704918,49.373493,0,Lerchenfeld,SYSTEM
865,12.703752,49.372612,0,Lerchenfeld,SYSTEM
866,12.683372,49.357808,0,Grub Bahnhof,SYSTEM
867,12.683067,49.357857,0,Grub Bahnhof,SYSTEM
868,12.71069,49.41387,0,Höll Hauptstrasse,SYSTEM
869,12.704598,49.419737,0,"Höll,  Brücke",SYSTEM
870,12.709845,49.41139,0,"Höll, Hauptstraße",SYSTEM
873,12.714312,49.388483,0,Perlhütte,SYSTEM
874,12.67358,49.345472,0,Zillendorf Bahnhof,SYSTEM
875,12.673757,49.345437,0,Zillendorf Bahnhof,SYSTEM
877,12.738897,49.286335,0,Döbersing,SYSTEM
878,12.738658,49.286327,0,Döbersing,SYSTEM
879,12.748818,49.27216,0,Dalking,SYSTEM
880,12.760832,49.276032,0,Zelz,SYSTEM
881,12.764707,49.262788,0,Rathaus,SYSTEM
882,12.723188,49.266348,0,Pinzing,SYSTEM
883,12.772677,49.250563,0,Neumühlen,SYSTEM
884,12.781547,49.24067,0,Walting,SYSTEM
885,12.781667,49.240677,0,Walting,SYSTEM
886,12.768555,49.246442,0,Maiering,SYSTEM
887,12.768637,49.246467,0,Maiering,SYSTEM
888,12.758382,49.26228,0,Dalkinger Str.,SYSTEM
889,12.677803,49.250408,0,Prienzing Siedlung,SYSTEM
890,12.67783,49.250472,0,Prienzing Siedlung,SYSTEM
891,12.67998,49.253748,0,Prienzing Ortsmitte,SYSTEM
892,12.685918,49.254682,0,Prienzing Tradl,SYSTEM
894,12.68465,49.248627,0,Geigen Gh Waldfrieden,SYSTEM
895,12.68479,49.248822,0,Geigen Gh Waldfrieden,SYSTEM
897,12.6795,49.23658,0,Ziefling Ortsmitte,SYSTEM
898,12.67035,49.245405,0,Rathausplatz,SYSTEM
899,12.670162,49.24555,0,Rathausplatz,SYSTEM
900,12.670072,49.253542,0,Lohweiher,SYSTEM
901,12.6703,49.253663,0,Lohweiher,SYSTEM
902,12.669257,49.248827,0,Siedlung,SYSTEM
903,12.669458,49.248648,0,Siedlung,SYSTEM
904,12.673815,49.239743,0,Brennet,SYSTEM
905,12.67365,49.239707,0,Brennet,SYSTEM
908,12.723917,49.152783,0,Abzweigung Sportplatz,SYSTEM
909,12.446837,49.148515,0,Geresdorf,SYSTEM
910,12.446943,49.148638,0,Geresdorf,SYSTEM
911,12.428153,49.146467,0,Kiesried,SYSTEM
912,12.409495,49.14312,0,Ortsmitte,SYSTEM
913,12.409517,49.142998,0,Ortsmitte,SYSTEM
914,12.393325,49.146207,0,Hatzelsdorfer Weg Abzweigung,SYSTEM
915,12.41871,49.127358,0,Haag,SYSTEM
916,12.41924,49.122815,0,Martinsneukirchen,SYSTEM
917,12.419178,49.122803,0,Martinsneukirchen,SYSTEM
918,12.403847,49.105862,0,Schillertswiesen,SYSTEM
919,12.401175,49.106365,0,Schillertswiesen,SYSTEM
920,12.435583,49.156112,0,Willetstetten,SYSTEM
921,12.363083,49.141152,0,Abzweigung Hirschenbühl,SYSTEM
922,12.377988,49.140618,0,Hetzenbach Gh zur Linde,SYSTEM
923,12.378053,49.140723,0,Hetzenbach Gh zur Linde,SYSTEM
924,12.427103,49.1637,0,Beucherling,SYSTEM
925,12.401988,49.115778,0,Fuchshölzl,SYSTEM
927,12.449028,49.147087,0,Krüglhof,SYSTEM
929,12.413057,49.143233,0,Schule,SYSTEM
930,12.445123,49.155497,0,Waffenhof,SYSTEM
931,12.398857,49.106773,0,Schillertswiesen FFW,SYSTEM
932,12.398338,49.109777,0,Schillertswiesen am Eck,SYSTEM
933,12.413332,49.116312,0,Abzweigung Fuchshölzl,SYSTEM
937,12.429527,49.265992,0,"Fronau, Seigen",SYSTEM
938,12.425067,49.262833,0,"Fronau, Abzw. Fronauermühle",SYSTEM
940,12.418522,49.237562,0,"Roding, Neubäu, Uferweg",SYSTEM
941,12.503535,49.207787,0,"Mitterkreith, Heide",SYSTEM
942,12.49499,49.206348,0,"Roding, Mitterkreith, Ortsmitte",SYSTEM
943,12.483412,49.162708,0,"Roding, Zimmerring Ortsmitte",SYSTEM
944,12.51803,49.193398,0,"Roding, Ärztehaus",SYSTEM
945,12.518252,49.193357,0,"Roding, Ärztehaus",SYSTEM
946,12.41707,49.235722,0,"Roding, Neubäu, Kirche",SYSTEM
947,12.417368,49.235675,0,"Roding, Neubäu, Kirche",SYSTEM
948,12.435117,49.267647,0,"Fronau, Ortsmitte",SYSTEM
949,12.435822,49.267465,0,"Fronau, Ortsmitte",SYSTEM
950,12.44181,49.26463,0,"Fronau, Ost",SYSTEM
952,12.506018,49.201687,0,Mitterdorf Schule,SYSTEM
953,12.440488,49.096098,0,Schergendorf,SYSTEM
954,12.440535,49.096153,0,schergendorf,SYSTEM
955,12.452292,49.095925,0,Winkling,SYSTEM
956,12.45285,49.095957,0,Winkling,SYSTEM
957,12.729153,49.112445,0,"Grub bei Altrandsberg, Trafo",SYSTEM
958,12.729085,49.112478,0,"Grub bei Altrandsberg, Trafo",SYSTEM
959,12.755553,49.12239,0,"Miltach, Altrandsb., Abzw. Bhf",SYSTEM
960,12.7558,49.122628,0,"Miltach, Altrandsb., Abzw. Bhf",SYSTEM
961,12.761135,49.14059,0,"Miltach, Untervierau",SYSTEM
962,12.760393,49.141128,0,"Miltach, Untervierau",SYSTEM
963,12.75569,49.143329,0,"Miltach,Unterv., Schmucker",SYSTEM
964,12.755765,49.143327,0,"Miltach,Unterv., Schmucker",SYSTEM
965,12.763373,49.152443,0,"Miltach, Oberndorf",SYSTEM
966,12.763305,49.152342,0,"Miltach, Oberndorf",SYSTEM
967,12.768162,49.163727,0,"Miltach, Bahnhof",SYSTEM
968,12.647839,49.111003,0,"Traitsching, Reisach P. Jägerh",SYSTEM
969,12.648069,49.111786,0,"Traitsching, Reisach P. Jägerh",SYSTEM
970,12.650222,49.118703,0,"Traitsching, Unterbühl",SYSTEM
971,12.650008,49.118936,0,"Traitsching, Unterbühl",SYSTEM
972,12.650567,49.123436,0,"Traitsching, Kohhof Abzw",SYSTEM
973,12.650344,49.123983,0,"Traitsching, Kohhof Abzw",SYSTEM
974,12.661033,49.117967,0,"Traitsching, Hagendorf",SYSTEM
975,12.667431,49.113517,0,"Traitsching, Obermühle",SYSTEM
976,12.674317,49.110006,0,"Traitsching, Tragenschwand",SYSTEM
977,12.682408,49.106858,0,"Traitsching, Traumarch",SYSTEM
978,12.691211,49.108847,0,"Traitsching, Hinterberg",SYSTEM
979,12.696494,49.114836,0,"Traitsching, Birnbrunn Abzw",SYSTEM
980,12.696867,49.11345,0,"Traitsching, Birnbrunn Abzw",SYSTEM
981,12.694403,49.119069,0,"Traitsching, Oed",SYSTEM
982,12.693825,49.118539,0,"Traitsching, Oed",SYSTEM
983,12.688394,49.124378,0,"Traitsching, Löwengrub",SYSTEM
984,12.688083,49.124325,0,"Traitsching, Löwengrub",SYSTEM
985,12.682953,49.126092,0,"Traitsching, Sitzenberg",SYSTEM
986,12.682144,49.125842,0,"Traitsching, Sitzenberg",SYSTEM
987,12.673511,49.126572,0,"Traitsching, Hermannsgrub",SYSTEM
988,12.674269,49.126375,0,"Traitsching, Hermannsgrub",SYSTEM
989,12.66635,49.127728,0,"Traitsching, Sattelpeilnstein",SYSTEM
990,12.666008,49.127969,0,"Traitsching, Sattelpeilnstein",SYSTEM
991,12.659892,49.129683,0,"Traitsching, Hühnerberg",SYSTEM
992,12.65855,49.129856,0,"Traitsching, Hühnerberg",SYSTEM
993,12.657419,49.133722,0,"Traitsching, Hinterhaidhof",SYSTEM
994,12.655575,49.134283,0,"Traitsching, Hinterhaidhof",SYSTEM
995,12.652986,49.127981,0,"Traitsching, Trebersdorf",SYSTEM
996,12.653044,49.127908,0,"Traitsching, Trebersdorf",SYSTEM
997,12.650969,49.139247,0,"Traitsching,Sattelpeil.  Abzw",SYSTEM
998,12.650739,49.139042,0,"Traitsching,Sattelpeil.  Abzw",SYSTEM
999,12.645558,49.152622,0,"Traitsching, Ortsmitte",SYSTEM
1000,12.645031,49.151347,0,"Traitsching, Ortsmitte",SYSTEM
1001,12.646675,49.161697,0,"Traitsching, Thal Abzw",SYSTEM
1002,12.646156,49.161311,0,"Traitsching, Thal Abzw",SYSTEM
1003,12.646089,49.167889,0,"Traitsching, Wilting",SYSTEM
1004,12.646008,49.167806,0,"Traitsching, Wilting",SYSTEM
1005,12.649706,49.174803,0,"Traitsching,Wilting,Pfahlhöhe",SYSTEM
1006,12.649961,49.1751,0,"Traitsching,Wilting,Pfahlhöhe",SYSTEM
1007,12.654603,49.189313,0,"Cham, Höfen",SYSTEM
1008,12.654107,49.189125,0,"Cham, Höfen",SYSTEM
1009,12.703367,49.377057,0,TV Turnhalle,SYSTEM
1010,12.666573,49.401095,0,Untergrafenried Abzweigung,SYSTEM
1011,12.666967,49.400837,0,untergrafenried Abzweigung,SYSTEM
1012,12.615808,49.423203,0,Kirche,SYSTEM
1013,12.615643,49.423025,0,Kirche,SYSTEM
1014,12.584595,49.437398,0,Ortsmitte,SYSTEM
1015,12.584332,49.43738,0,Ortsmitte,SYSTEM
1016,12.567505,49.414808,0,Plösshöfe Abzweigung,SYSTEM
1017,12.567235,49.414688,0,Plösshöfe Abzweigung,SYSTEM
1018,12.579635,49.42857,0,Fahrenweiher,SYSTEM
1019,12.579762,49.42855,0,Fahrenweiher,SYSTEM
1020,12.599932,49.386365,0,Wullnhof,SYSTEM
1021,12.585668,49.450905,0,Hannesried Abzweigung,SYSTEM
1022,12.606042,49.350785,0,Kleinschönthal,SYSTEM
1023,12.605853,49.350903,0,Kleinschönthal,SYSTEM
1024,12.634498,49.321802,0,Birkmühle,SYSTEM
1025,12.634427,49.321805,0,Birkmühle,SYSTEM
1026,12.611123,49.312335,0,Löwendorf,SYSTEM
1027,12.606522,49.30626,0,Beutelsbach bei Löwendorf,SYSTEM
1028,12.593115,49.294452,0,Schiltlmühle,SYSTEM
1029,12.603482,49.286178,0,Rackelsdorf,SYSTEM
1030,12.60656,49.27605,0,Kager Abzw,SYSTEM
1031,12.610965,49.265957,0,"Pemfling, Kirche",SYSTEM
1032,12.631023,49.268718,0,Kreuth,SYSTEM
1033,12.630792,49.268463,0,Kreuth,SYSTEM
1034,12.63396,49.262035,0,"Elsing, Anw. Eiber",SYSTEM
1035,12.634252,49.261573,0,"Elsing, Anw. Eiber",SYSTEM
1036,12.639645,49.256918,0,Elsing,SYSTEM
1037,12.639392,49.25667,0,Elsing,SYSTEM
1039,12.63901,49.247787,0,Großbergerdorf Abzw.,SYSTEM
1040,12.638878,49.247697,0,Großbergerdorf Abzw.,SYSTEM
1041,12.705877,49.373318,0,Krankenhaus,SYSTEM
1042,12.712807,49.348637,0,Herzogau Abzweigung,SYSTEM
1043,12.717332,49.35436,0,Herzogau Polizeischule,SYSTEM
1044,12.735918,49.329892,0,Abzweig Kesselhaus,SYSTEM
1045,12.735822,49.329827,0,Abzweig Kesselhaus,SYSTEM
1046,12.743422,49.323063,0,Kesselhütte,SYSTEM
1047,12.7433,49.32352,0,Kesselhütte,SYSTEM
1048,12.74172,49.316735,0,Kirche,SYSTEM
1049,12.74164,49.316562,0,Kirche,SYSTEM
1050,12.738422,49.313603,0,Chamer Straße,SYSTEM
1051,12.762645,49.300353,0,Rußmühle,SYSTEM
1052,12.762595,49.300255,0,Rußmühle,SYSTEM
1053,12.782587,49.29547,0,Kühbach,SYSTEM
1054,12.783112,49.295207,0,Kühberg,SYSTEM
1055,12.832178,49.304955,0,Grabitz,SYSTEM
1056,12.831602,49.30477,0,Grabitz,SYSTEM
1057,12.83878,49.306382,0,Gasthof Lacke,SYSTEM
1058,12.842517,49.308413,0,Waldschmidtstraße,SYSTEM
1059,12.754792,49.306493,0,Tradl,SYSTEM
1060,12.67773,49.242713,0,Bierl,SYSTEM
1061,12.691123,49.251028,0,Hintergeigen,SYSTEM
1062,12.673842,49.275832,0,Klessing Abzw.,SYSTEM
1063,12.67401,49.275835,0,"Klessing, Abzw.",SYSTEM
1064,12.680008,49.278212,0,Klessing,SYSTEM
1065,12.680773,49.276918,0,Klessing,SYSTEM
1066,12.692497,49.273212,0,Kolmberg,SYSTEM
1067,12.700437,49.28449,0,Habersdorf,SYSTEM
1068,12.700443,49.284628,0,Habersdorf,SYSTEM
1069,12.68664,49.273712,0,"Kolmberg, Schneiderbierlweg",SYSTEM
1070,12.677357,49.33316,0,Sinzendorf Abzweigung,SYSTEM
1071,12.67722,49.332555,0,Sinzendorf Abzweigung,SYSTEM
1072,12.697498,49.361963,0,Abzweigung Moosdorf,SYSTEM
1073,12.697548,49.362003,0,Abzweigung Moosdorf,SYSTEM
1074,12.701463,49.364212,0,Prosdorf,SYSTEM
1075,12.701483,49.364413,0,Prosdorf,SYSTEM
1076,12.650377,49.384417,0,Hirschhöf,SYSTEM
1077,12.668432,49.392153,0,Schäferei,SYSTEM
1078,12.673702,49.23025,0,"Cham, Nordgau-Kaserne",SYSTEM
1080,12.671457,49.192235,0,"Cham, Tasching",SYSTEM
1081,12.671175,49.19352,0,"Cham, Tasching",SYSTEM
1082,12.679587,49.17614,0,Vilzing,SYSTEM
1083,12.678348,49.176742,0,Vilzing,SYSTEM
1084,12.680963,49.167898,0,Hanzing Abzweigung,SYSTEM
1085,12.697223,49.168887,0,Schachendorf,SYSTEM
1086,12.69717,49.168798,0,Schachendorf,SYSTEM
1087,12.705438,49.16774,0,Schönferchen Abzweigung,SYSTEM
1088,12.705387,49.167617,0,Schönferchen Abzweigung,SYSTEM
1089,12.719648,49.163328,0,Unterstocka Abzweigung,SYSTEM
1090,12.719632,49.163223,0,Unterstocka Abzweigung,SYSTEM
1091,12.725033,49.155347,0,Rathaus,SYSTEM
1092,12.719208,49.142498,0,Bierwinkl Abzweigung,SYSTEM
1093,12.719125,49.142552,0,Bierwinkl Abzweigung,SYSTEM
1094,12.716102,49.137033,0,Harrling,SYSTEM
1095,12.716528,49.137338,0,Harrling,SYSTEM
1096,12.725387,49.133783,0,"Harrling, Stegbach",SYSTEM
1097,12.725398,49.13376,0,"Harrling, Stegbach",SYSTEM
1098,12.73751,49.132062,0,Wolfersdorf,SYSTEM
1099,12.738127,49.132242,0,Wolfersdorf,SYSTEM
1100,12.733538,49.122502,0,Kothrettenbach,SYSTEM
1101,12.733643,49.122352,0,Kothrettenbach,SYSTEM
1102,12.7428,49.117735,0,"Miltach, Altrandsb. Abzw. Grub",SYSTEM
1103,12.742607,49.117827,0,"Miltach, Altrandsb. Abzw. Grub",SYSTEM
1104,12.764347,49.12605,0,"Miltach, Ara-Quarzit",SYSTEM
1105,12.764313,49.126275,0,"Miltach, Ara-Quarzit",SYSTEM
1106,12.774292,49.159363,0,"Miltach, Siedlung",SYSTEM
1107,12.774267,49.159537,0,"Miltach, Siedlung",SYSTEM
1108,12.80859,49.16366,0,Bahnübergang,SYSTEM
1109,12.806533,49.166208,0,Ortsmitte,SYSTEM
1110,12.668525,49.223912,0,"Cham, Busbahnhof Gymnasien",SYSTEM
1111,12.837205,49.172563,0,Steinbach,SYSTEM
1112,12.837102,49.1719,0,Steinbach,SYSTEM
1113,12.649953,49.224105,0,"Cham, Handwerkskammer",SYSTEM
1115,12.590328,49.156143,0,Schule,SYSTEM
1116,12.585257,49.130652,0,Ponholz,SYSTEM
1117,12.519217,49.067335,0,Erpfenzell,SYSTEM
1118,12.594867,49.161575,0,"Schorndorf, Siedlung",SYSTEM
1119,12.594714,49.161872,0,"Schorndorf, Siedlung",SYSTEM
1121,12.617625,49.171339,0,"Schorndorf,Sandberg, Abzw",SYSTEM
1122,12.618272,49.171919,0,"Schorndorf,Sandberg, Abzw",SYSTEM
1125,12.559095,49.138727,0,Zigeunert.,SYSTEM
1126,12.527348,49.11734,0,Schwaighof,SYSTEM
1127,12.527582,49.117647,0,schwaighof,SYSTEM
1128,12.512827,49.109697,0,Hofstetten Abzweigung,SYSTEM
1129,12.512855,49.109695,0,Hofstetten Abzweigung,SYSTEM
1130,12.490353,49.100647,0,Birnerstrasse,SYSTEM
1131,12.490188,49.100757,0,Birnerstrasse,SYSTEM
1132,12.490485,49.096178,0,Gärtnerei Bayerl,SYSTEM
1133,12.499467,49.090025,0,Woppmannszell,SYSTEM
1134,12.499432,49.089935,0,Woppmannszell,SYSTEM
1135,12.456788,49.06926,0,Ortsmitte,SYSTEM
1136,12.457152,49.069112,0,Ortsmitte,SYSTEM
1137,12.467242,49.061367,0,Langau,SYSTEM
1138,12.467745,49.06113,0,Langau,SYSTEM
1139,12.46118,49.055168,0,Haag,SYSTEM
1140,12.461238,49.055133,0,Haag,SYSTEM
1141,12.46343,49.050813,0,Eitenzell,SYSTEM
1142,12.450735,49.048358,0,Brieberg Abzweigung,SYSTEM
1143,12.450607,49.0483,0,Brieberg Abzweigung,SYSTEM
1144,12.438007,49.05675,0,See Abzweigung,SYSTEM
1145,12.437935,49.056743,0,See Abzweigung,SYSTEM
1146,12.427892,49.050223,0,Aumbach abzweigung,SYSTEM
1147,12.427708,49.050243,0,Aumbach abzweigung,SYSTEM
1148,12.42273,49.048283,0,Aumbrunn,SYSTEM
1149,12.42154,49.048427,0,Aumbrunn,SYSTEM
1150,12.547632,49.124167,0,Steinbühl,SYSTEM
1151,12.54774,49.124163,0,Steinbühl,SYSTEM
1152,12.487858,49.092978,0,Arracher Höhe,SYSTEM
1153,12.488018,49.093162,0,arracher Höhe,SYSTEM
1154,12.713307,49.221228,0,Satzdorf,SYSTEM
1155,12.486135,49.099068,0,Rathaus,SYSTEM
1156,12.668627,49.21502,0,"Cham, Stadellohe",SYSTEM
1157,12.66862,49.213438,0,"Cham, Stadellohe",SYSTEM
1158,12.688708,49.211202,0,Chammünster West,SYSTEM
1159,12.68982,49.210648,0,Chammünster West,SYSTEM
1160,12.674135,49.237355,0,Brennet Lankes,SYSTEM
1161,12.716967,49.210727,0,Schlondorf B85,SYSTEM
1162,12.716882,49.210692,0,Schlondorf B85,SYSTEM
1165,12.668683,49.208275,0,"Cham, Janahof, Tagesklinik",SYSTEM
1166,12.695022,49.201533,0,Hof Feuerwehr Haus,SYSTEM
1167,12.73095,49.244198,0,Kothmaissling Bäckerei,SYSTEM
1168,12.731535,49.24442,0,Kothmaissling Bäckerei,SYSTEM
1169,12.735777,49.233082,0,"Perwolfing, Siedlung",SYSTEM
1170,12.735903,49.233045,0,"Perwolfing, Siedlung",SYSTEM
1171,12.739068,49.227472,0,Perwolfing,SYSTEM
1172,12.738755,49.226963,0,Perwolfing,SYSTEM
1173,12.745877,49.225108,0,Fludern,SYSTEM
1174,12.746057,49.22513,0,Fludern,SYSTEM
1175,12.744908,49.20026,0,Tankstelle,SYSTEM
1176,12.744743,49.200662,0,Tankstelle,SYSTEM
1177,12.745648,49.198758,0,Gh. Baumgartner,SYSTEM
1178,12.745587,49.198887,0,Gh. Baumgartner,SYSTEM
1179,12.747345,49.196915,0,Gh. Wieser,SYSTEM
1180,12.74716,49.197077,0,Gh. Wieser,SYSTEM
1181,12.754077,49.201997,0,Rossbachmühle,SYSTEM
1182,12.75456,49.202197,0,Rossbachmühle,SYSTEM
1183,12.735267,49.217878,0,Langwitz,SYSTEM
1184,12.736127,49.217122,0,Langwitz,SYSTEM
1185,12.74306,49.220183,0,Niederrunding,SYSTEM
1186,12.743292,49.220202,0,Niederrunding,SYSTEM
1187,12.749407,49.217218,0,"Niederrunding, Am Schietanger",SYSTEM
1188,12.756687,49.216363,0,Siedlung,SYSTEM
1189,12.756317,49.21648,0,Siedlung,SYSTEM
1190,12.760012,49.215557,0,Schule,SYSTEM
1191,12.763703,49.214372,0,Dorfplatz,SYSTEM
1192,12.763812,49.21436,0,Dorfplatz,SYSTEM
1193,12.759475,49.22306,0,Garten,SYSTEM
1194,12.759385,49.22322,0,Garten,SYSTEM
1195,12.768345,49.212778,0,Lufling Abzweigung,SYSTEM
1196,12.768267,49.212698,0,Lufling Abzweigung,SYSTEM
1197,12.782462,49.199745,0,Bärndorf Abzweigung,SYSTEM
1198,12.782808,49.199495,0,Bärndorf Abzweigung,SYSTEM
1199,12.799292,49.197327,0,Lederdorn Ortsmitte,SYSTEM
1200,12.798407,49.197302,0,Lederdorn Ortsmitte,SYSTEM
1201,12.805995,49.194552,0,Lederdorn Hs 44,SYSTEM
1202,12.805943,49.194333,0,Lederdorn Hs 44,SYSTEM
1203,12.817795,49.188408,0,Reckendorf,SYSTEM
1204,12.817685,49.188653,0,Reckendorf,SYSTEM
1205,12.826752,49.18382,0,Gradis Abzweigung,SYSTEM
1206,12.827023,49.183918,0,Gradis Abzweigung,SYSTEM
1207,12.756153,49.228922,0,Vierau Abzweigung,SYSTEM
1208,12.772122,49.20602,0,Maiberg,SYSTEM
1209,12.772435,49.225563,0,Tappmühle,SYSTEM
1210,12.772565,49.225593,0,Tappmühle,SYSTEM
1211,12.7734,49.218197,0,Einöd,SYSTEM
1212,12.535005,49.134117,0,Schrötting,SYSTEM
1213,12.526115,49.14103,0,Thiermietnach,SYSTEM
1214,12.514825,49.141693,0,Neudeck,SYSTEM
1215,12.503745,49.142833,0,Woppmannsdorf,SYSTEM
1216,12.498398,49.142103,0,Dörfling,SYSTEM
1217,12.487922,49.136035,0,Hutting,SYSTEM
1218,12.492238,49.130212,0,Premsthal,SYSTEM
1219,12.494772,49.12449,0,Willmannsried Abzweigung,SYSTEM
1220,12.497993,49.118145,0,Ettmannsdorf,SYSTEM
1221,12.707518,49.230192,0,Kammerdorf,SYSTEM
1222,12.940328,49.143203,0,Matzelsdorf Raab,SYSTEM
1223,12.940568,49.142898,0,Matzelsdorf Raab,SYSTEM
1224,12.92955,49.154422,0,"Traidersdorf, Gerätehaus",SYSTEM
1225,12.92946,49.154302,0,"Traidersdorf, Gerätehaus",SYSTEM
1226,12.923817,49.155732,0,Himmelreich Abzweigung,SYSTEM
1227,12.923385,49.155783,0,Himmelreich Abzweigung,SYSTEM
1228,12.910785,49.158987,0,Bärndorf,SYSTEM
1229,12.91095,49.158933,0,Bärndorf,SYSTEM
1230,12.90072,49.159865,0,"Wölkersdorf, Gh Gregori",SYSTEM
1231,12.900048,49.15988,0,"Wölkersdorf, Gh Gregori",SYSTEM
1232,12.893493,49.163075,0,"Hofern, Anwesen Früchtl",SYSTEM
1233,12.89361,49.163007,0,"Hofern, Anwesen Früchtl",SYSTEM
1234,12.87802,49.16392,0,Grub Gh. Berg.,SYSTEM
1235,12.877512,49.16394,0,"Grub, Gh. Berg.",SYSTEM
1236,13.158535,49.159752,0,Scheibensattel,SYSTEM
1237,13.158385,49.15973,0,Scheibensattel,SYSTEM
1238,13.146605,49.17009,0,Oberhaiderberg Abzweigung,SYSTEM
1239,13.133962,49.176857,0,Altlohbergh. Hotel Goltz,SYSTEM
1240,13.133953,49.176815,0,Altlohbergh Hotel Goltz,SYSTEM
1241,13.030492,49.216853,0,"Buchetbühl, Liebl",SYSTEM
1242,13.030362,49.216697,0,"Buchetbühl, Liebl",SYSTEM
1243,13.002753,49.230598,0,"Kolmstein, Moserhäusl",SYSTEM
1244,13.000953,49.230537,0,"Kolmstein, Moserhäusl",SYSTEM
1245,12.990102,49.230922,0,Kolmstein Abzw.,SYSTEM
1246,12.984502,49.23647,0,"Mais, Metzgerei Maurer",SYSTEM
1247,12.984613,49.236325,0,"Mais, Metzgerei Maurer",SYSTEM
1248,12.955255,49.244078,0,Sesselbahn,SYSTEM
1249,12.977403,49.25097,0,Abzweig Sesselbahn,SYSTEM
1250,12.938833,49.289953,0,stachesried Abzw.,SYSTEM
1251,12.93949,49.289848,0,Stachesried Abzw,SYSTEM
1252,12.884195,49.29647,0,Abzweigung Steinbach,SYSTEM
1253,12.966663,49.286087,0,"Warzenried, Hinterbuchberger Str. 35",SYSTEM
1254,12.607793,49.466078,0,Trath,SYSTEM
1255,12.728833,49.217358,0,Bahnhof,SYSTEM
1256,12.728557,49.217525,0,Bahnhof,SYSTEM
1257,12.578077,49.285923,0,Engelsdorf West,SYSTEM
1258,12.578067,49.28604,0,Engelsdorf West,SYSTEM
1259,12.502528,49.181607,0,Windfang,SYSTEM
1260,12.928742,49.307777,0,Großaign,SYSTEM
1261,12.858398,49.179308,0,Schulzentrum,SYSTEM
1262,12.63715,49.372055,0,Kritzenast,SYSTEM
1264,12.489845,49.080468,0,Arrach,SYSTEM
1266,12.54002,49.121212,0,"beim Weiler ""Zwinger""",SYSTEM
1267,12.650844,49.106008,0,ggf. außerhalb LK?,SYSTEM
1268,12.650661,49.106406,0,ggf. außerhalb LK?,SYSTEM
1269,12.630661,49.182219,0,"Schorndorf, Radling, St. 2146/Pentinger Str. Pfahl",SYSTEM
1270,12.629756,49.182247,0,"Schorndorf, Radling, St. 2146/Pentinger Str. Pfahl",SYSTEM
1265,12.521023,49.061938,500, Epfenzell123,SYSTEM
